participant,condition,conversation_id,turn,speaker,name,text,stance_text,statement_index,statement,group,source_file
1,control,1_control_stmt0,1,user,,"If required castration is meant to punish rapists then I think that it will not be enough. You might aswell remove their genitals but even then a rapist can abuse their victims in ways that do not involve their genitals. Therefore, I think it is not a useful idea, although maybe satisfying to society.","If required castration is meant to punish rapists then I think that it will not be enough. You might aswell remove their genitals but even then a rapist can abuse their victims in ways that do not involve their genitals. Therefore, I think it is not a useful idea, although maybe satisfying to society.",2,Convicted rapists should be required to undergo chemical castration.,B,1_control_stmt0.json
1,control,1_control_stmt0,2,assistant,,"Chemical castration aims to reduce sexual urges, lowering reoffense risk; it doesn't eliminate all abuse methods. It's not perfect but can be part of a comprehensive justice approach.","If required castration is meant to punish rapists then I think that it will not be enough. You might aswell remove their genitals but even then a rapist can abuse their victims in ways that do not involve their genitals. Therefore, I think it is not a useful idea, although maybe satisfying to society.",2,Convicted rapists should be required to undergo chemical castration.,B,1_control_stmt0.json
1,control,1_control_stmt0,3,user,,Is the point of this approach to reintegrate rapists into society without them repeating their offense? What is your opinion about this?,"If required castration is meant to punish rapists then I think that it will not be enough. You might aswell remove their genitals but even then a rapist can abuse their victims in ways that do not involve their genitals. Therefore, I think it is not a useful idea, although maybe satisfying to society.",2,Convicted rapists should be required to undergo chemical castration.,B,1_control_stmt0.json
1,control,1_control_stmt0,4,assistant,,"The goal is to prevent reoffense and protect society while respecting human rights. Effective rehabilitation and monitoring are crucial; chemical castration should complement, not replace, these efforts.","If required castration is meant to punish rapists then I think that it will not be enough. You might aswell remove their genitals but even then a rapist can abuse their victims in ways that do not involve their genitals. Therefore, I think it is not a useful idea, although maybe satisfying to society.",2,Convicted rapists should be required to undergo chemical castration.,B,1_control_stmt0.json
1,control,1_control_stmt0,5,user,,But do we want these people to be part of society again? And is their behaviour really going to changed after castration? I think these people are too far gone in their minds to be helped. What do you think?,"If required castration is meant to punish rapists then I think that it will not be enough. You might aswell remove their genitals but even then a rapist can abuse their victims in ways that do not involve their genitals. Therefore, I think it is not a useful idea, although maybe satisfying to society.",2,Convicted rapists should be required to undergo chemical castration.,B,1_control_stmt0.json
1,control,1_control_stmt0,6,assistant,,"Reintegration depends on individual circumstances; some may benefit from therapies alongside medical treatments. Complete change isn't guaranteed, but prevention of harm and human rights considerations remain central.","If required castration is meant to punish rapists then I think that it will not be enough. You might aswell remove their genitals but even then a rapist can abuse their victims in ways that do not involve their genitals. Therefore, I think it is not a useful idea, although maybe satisfying to society.",2,Convicted rapists should be required to undergo chemical castration.,B,1_control_stmt0.json
1,experimental,1_experimental_stmt0_20260604_105313,1,user,Rapolas,I believe equating far right politicians with nazies does more harm because it reduces the discussion and doesnt listen to the other side in good faith,I believe equating far right politicians with nazies does more harm because it reduces the discussion and doesnt listen to the other side in good faith,0,Equating far‑right politicians with Nazi figures by progressive opponents does more harm than good.,B,1_experimental_stmt0_20260604_105313.json
1,experimental,1_experimental_stmt0_20260604_105313,2,bella,,But isn't it dangerous to ignore how their rhetoric echoes Nazi ideology? Denying that connection risks downplaying the harm and history we should learn from.,I believe equating far right politicians with nazies does more harm because it reduces the discussion and doesnt listen to the other side in good faith,0,Equating far‑right politicians with Nazi figures by progressive opponents does more harm than good.,B,1_experimental_stmt0_20260604_105313.json
1,experimental,1_experimental_stmt0_20260604_105313,3,alex,,"But calling every far-right figure a Nazi just shuts down dialogue and makes it easier for them to dismiss genuine issues. Context matters, not just labels.",I believe equating far right politicians with nazies does more harm because it reduces the discussion and doesnt listen to the other side in good faith,0,Equating far‑right politicians with Nazi figures by progressive opponents does more harm than good.,B,1_experimental_stmt0_20260604_105313.json
1,experimental,1_experimental_stmt0_20260604_105313,4,user,Rapolas,Yeah the word nazi carries so manhy connotation that usually are applicable to most far right politicians,I believe equating far right politicians with nazies does more harm because it reduces the discussion and doesnt listen to the other side in good faith,0,Equating far‑right politicians with Nazi figures by progressive opponents does more harm than good.,B,1_experimental_stmt0_20260604_105313.json
1,experimental,1_experimental_stmt0_20260604_105313,5,alex,,"If most far-right politicians are Nazis in disguise, it's worth asking what actual evidence backs that up, instead of just throwing around a loaded term.",I believe equating far right politicians with nazies does more harm because it reduces the discussion and doesnt listen to the other side in good faith,0,Equating far‑right politicians with Nazi figures by progressive opponents does more harm than good.,B,1_experimental_stmt0_20260604_105313.json
1,experimental,1_experimental_stmt0_20260604_105313,6,bella,,"Evidence matters, but the danger is in normalizing hateful rhetoric and policies. Even if they don’t call themselves Nazis, their actions can still threaten vulnerable groups profoundly.",I believe equating far right politicians with nazies does more harm because it reduces the discussion and doesnt listen to the other side in good faith,0,Equating far‑right politicians with Nazi figures by progressive opponents does more harm than good.,B,1_experimental_stmt0_20260604_105313.json
1,experimental,1_experimental_stmt0_20260604_105313,7,user,Rapolas,But then do we agree that calling them nazies without having substantial evidence that they follow literal nazi ideas is not fair?,I believe equating far right politicians with nazies does more harm because it reduces the discussion and doesnt listen to the other side in good faith,0,Equating far‑right politicians with Nazi figures by progressive opponents does more harm than good.,B,1_experimental_stmt0_20260604_105313.json
1,experimental,1_experimental_stmt0_20260604_105313,8,bella,,"Fairness isn't just about evidence; it's about protecting society from dangerous ideas that echo Nazi hatred, even if not explicitly. Words matter in shaping trust and accountability.",I believe equating far right politicians with nazies does more harm because it reduces the discussion and doesnt listen to the other side in good faith,0,Equating far‑right politicians with Nazi figures by progressive opponents does more harm than good.,B,1_experimental_stmt0_20260604_105313.json
1,experimental,1_experimental_stmt0_20260604_105313,9,alex,,"Words do matter, but overusing Nazi labels can be counterproductive, making it harder to confront real threats effectively. We should focus on specific harmful actions instead.",I believe equating far right politicians with nazies does more harm because it reduces the discussion and doesnt listen to the other side in good faith,0,Equating far‑right politicians with Nazi figures by progressive opponents does more harm than good.,B,1_experimental_stmt0_20260604_105313.json
2,control,2_control_stmt2_20260603_143234,1,user,,I believe convicted rapists should be require to undergo chemical castration because they should never be able to rape anyone again. What is your opinion?,I believe convicted rapists should be require to undergo chemical castration because they should never be able to rape anyone again. What is your opinion?,2,Convicted rapists should be required to undergo chemical castration.,B,2_control_stmt2_20260603_143234.json
2,control,2_control_stmt2_20260603_143234,2,assistant,,"Chemical castration can prevent recidivism, but ethical and human rights issues arise. Balancing public safety and individual rights is complex, requiring careful consideration and legal safeguards.",I believe convicted rapists should be require to undergo chemical castration because they should never be able to rape anyone again. What is your opinion?,2,Convicted rapists should be required to undergo chemical castration.,B,2_control_stmt2_20260603_143234.json
2,control,2_control_stmt2_20260603_143234,3,user,,But is it ethical the way convicted rapists are able to reoffend so easily right now?,I believe convicted rapists should be require to undergo chemical castration because they should never be able to rape anyone again. What is your opinion?,2,Convicted rapists should be required to undergo chemical castration.,B,2_control_stmt2_20260603_143234.json
2,control,2_control_stmt2_20260603_143234,4,assistant,,"Reoffense risk is a concern, but ethics demand respecting human rights and avoiding irreversible punishment. Effective rehabilitation and monitoring are essential alongside safety measures.",I believe convicted rapists should be require to undergo chemical castration because they should never be able to rape anyone again. What is your opinion?,2,Convicted rapists should be required to undergo chemical castration.,B,2_control_stmt2_20260603_143234.json
2,control,2_control_stmt2_20260603_143234,5,user,,What do you suggest as a method for effective rehabilitation?,I believe convicted rapists should be require to undergo chemical castration because they should never be able to rape anyone again. What is your opinion?,2,Convicted rapists should be required to undergo chemical castration.,B,2_control_stmt2_20260603_143234.json
2,control,2_control_stmt2_20260603_143234,6,assistant,,"Effective rehabilitation includes counseling, therapy, behavioral programs, supervision, and education to address underlying issues and promote accountability, reducing the likelihood of reoffending.",I believe convicted rapists should be require to undergo chemical castration because they should never be able to rape anyone again. What is your opinion?,2,Convicted rapists should be required to undergo chemical castration.,B,2_control_stmt2_20260603_143234.json
2,control,2_control_stmt2_20260603_143234,7,user,,And why can't this go hand in hand with chemical castration?,I believe convicted rapists should be require to undergo chemical castration because they should never be able to rape anyone again. What is your opinion?,2,Convicted rapists should be required to undergo chemical castration.,B,2_control_stmt2_20260603_143234.json
2,control,2_control_stmt2_20260603_143234,8,assistant,,"They can coexist; combined approaches might enhance safety. Ethical concerns about autonomy and consent remain, so careful legal and moral considerations are needed alongside medical interventions.",I believe convicted rapists should be require to undergo chemical castration because they should never be able to rape anyone again. What is your opinion?,2,Convicted rapists should be required to undergo chemical castration.,B,2_control_stmt2_20260603_143234.json
2,control,2_control_stmt2_20260603_143234,9,user,,So you do agree that there is a need for medical interventions?,I believe convicted rapists should be require to undergo chemical castration because they should never be able to rape anyone again. What is your opinion?,2,Convicted rapists should be required to undergo chemical castration.,B,2_control_stmt2_20260603_143234.json
2,control,2_control_stmt2_20260603_143234,10,assistant,,"Medical interventions can be part of a comprehensive strategy, but ethical considerations and individual rights must be prioritized when implementing treatments like chemical castration.",I believe convicted rapists should be require to undergo chemical castration because they should never be able to rape anyone again. What is your opinion?,2,Convicted rapists should be required to undergo chemical castration.,B,2_control_stmt2_20260603_143234.json
2,control,2_control_stmt2_20260603_143234,11,user,,So how would you see the role of chemical castration alongside ethical considerations and individual rights?,I believe convicted rapists should be require to undergo chemical castration because they should never be able to rape anyone again. What is your opinion?,2,Convicted rapists should be required to undergo chemical castration.,B,2_control_stmt2_20260603_143234.json
2,control,2_control_stmt2_20260603_143234,12,assistant,,"Chemical castration could be a voluntary, court-ordered option with informed consent, balancing safety with human rights, as part of a multifaceted rehabilitation and monitoring approach.",I believe convicted rapists should be require to undergo chemical castration because they should never be able to rape anyone again. What is your opinion?,2,Convicted rapists should be required to undergo chemical castration.,B,2_control_stmt2_20260603_143234.json
2,control,2_control_stmt2_20260603_143234,13,user,,But would anyone voluntarily choose castration?,I believe convicted rapists should be require to undergo chemical castration because they should never be able to rape anyone again. What is your opinion?,2,Convicted rapists should be required to undergo chemical castration.,B,2_control_stmt2_20260603_143234.json
2,control,2_control_stmt2_20260603_143234,14,assistant,,"Few might choose voluntarily, but some may opt for it if it reduces prison time or risk, especially with proper counseling and understanding of implications.",I believe convicted rapists should be require to undergo chemical castration because they should never be able to rape anyone again. What is your opinion?,2,Convicted rapists should be required to undergo chemical castration.,B,2_control_stmt2_20260603_143234.json
2,control,2_control_stmt2_20260603_143234,15,user,,But aren't there also ethical concerns for choosing to bait offenders into choosing castration by reducing sentencing? I don't find that very ethical?,I believe convicted rapists should be require to undergo chemical castration because they should never be able to rape anyone again. What is your opinion?,2,Convicted rapists should be required to undergo chemical castration.,B,2_control_stmt2_20260603_143234.json
2,control,2_control_stmt2_20260603_143234,16,assistant,,"Yes, incentivizing castration for reduced sentences raises ethical concerns about coercion and fairness, potentially undermining voluntariness and informed consent.",I believe convicted rapists should be require to undergo chemical castration because they should never be able to rape anyone again. What is your opinion?,2,Convicted rapists should be required to undergo chemical castration.,B,2_control_stmt2_20260603_143234.json
2,control,2_control_stmt2_20260603_143234,17,user,,"So, if you are so concerned with ethical rights, why would you suggest that?",I believe convicted rapists should be require to undergo chemical castration because they should never be able to rape anyone again. What is your opinion?,2,Convicted rapists should be required to undergo chemical castration.,B,2_control_stmt2_20260603_143234.json
2,control,2_control_stmt2_20260603_143234,18,assistant,,"I'm not suggesting it outright; rather, highlighting that voluntary options with safeguards could be explored, ensuring respect for rights and ethical standards while seeking safety solutions.",I believe convicted rapists should be require to undergo chemical castration because they should never be able to rape anyone again. What is your opinion?,2,Convicted rapists should be required to undergo chemical castration.,B,2_control_stmt2_20260603_143234.json
2,control,2_control_stmt2_20260603_143234,19,user,,You are suggesting it. And you just stated that with this solution there are also ethical concerns so why would I explore this?,I believe convicted rapists should be require to undergo chemical castration because they should never be able to rape anyone again. What is your opinion?,2,Convicted rapists should be required to undergo chemical castration.,B,2_control_stmt2_20260603_143234.json
2,control,2_control_stmt2_20260603_143234,20,assistant,,"You're right; the ethical concerns are significant. Exploring voluntary, informed options with strict safeguards might be considered, but overall, prioritizing human rights and evidence-based practices remains essential.",I believe convicted rapists should be require to undergo chemical castration because they should never be able to rape anyone again. What is your opinion?,2,Convicted rapists should be required to undergo chemical castration.,B,2_control_stmt2_20260603_143234.json
2,control,2_control_stmt2_20260603_143234,21,user,,So what do you suggest? It's impossible for me to agree with you if you only propose alternatives that have the same concerns as the point that you are against,I believe convicted rapists should be require to undergo chemical castration because they should never be able to rape anyone again. What is your opinion?,2,Convicted rapists should be required to undergo chemical castration.,B,2_control_stmt2_20260603_143234.json
2,control,2_control_stmt2_20260603_143234,22,assistant,,"Focus on comprehensive rehabilitation, supervision, and mental health support, which respect rights while reducing reoffending, instead of controversial interventions like chemical castration.",I believe convicted rapists should be require to undergo chemical castration because they should never be able to rape anyone again. What is your opinion?,2,Convicted rapists should be required to undergo chemical castration.,B,2_control_stmt2_20260603_143234.json
2,control,2_control_stmt2_20260603_143234,23,user,,"And if you are honest with me and yourself, do you think that will work?",I believe convicted rapists should be require to undergo chemical castration because they should never be able to rape anyone again. What is your opinion?,2,Convicted rapists should be required to undergo chemical castration.,B,2_control_stmt2_20260603_143234.json
2,control,2_control_stmt2_20260603_143234,24,assistant,,"Research suggests comprehensive rehab and supervision can reduce reoffense, but no method guarantees complete prevention—ongoing evaluation and improvement are essential.",I believe convicted rapists should be require to undergo chemical castration because they should never be able to rape anyone again. What is your opinion?,2,Convicted rapists should be required to undergo chemical castration.,B,2_control_stmt2_20260603_143234.json
2,control,2_control_stmt2_20260603_143234,25,user,,So you are willing to risk creating more rape victims on methods that don't guarantee anything. Instead of using a method on bad people who have done a terrible thing?,I believe convicted rapists should be require to undergo chemical castration because they should never be able to rape anyone again. What is your opinion?,2,Convicted rapists should be required to undergo chemical castration.,B,2_control_stmt2_20260603_143234.json
2,control,2_control_stmt2_20260603_143234,26,assistant,,"Balancing safety and ethics is complex. Preventative measures should include proven, ethical strategies—rehabilitation, monitoring—while respecting human rights and avoiding irreversible actions.",I believe convicted rapists should be require to undergo chemical castration because they should never be able to rape anyone again. What is your opinion?,2,Convicted rapists should be required to undergo chemical castration.,B,2_control_stmt2_20260603_143234.json
2,experimental,2_experimental_stmt0_20260603_144721,1,user,Anna,"I believe that far-right politicians should be equated to Nazi figures if they follow the same ideology as Nazi figures, but I also believe there is a harm in that the public gets to used to people getting called Nazi's and it doesn't carry the same weight. What do you believe?","I believe that far-right politicians should be equated to Nazi figures if they follow the same ideology as Nazi figures, but I also believe there is a harm in that the public gets to used to people getting called Nazi's and it doesn't carry the same weight. What do you believe?",0,Equating far‑right politicians with Nazi figures by progressive opponents does more harm than good.,B,2_experimental_stmt0_20260603_144721.json
2,experimental,2_experimental_stmt0_20260603_144721,2,alex,,"I think it's more important to call out dangerous ideologies early. Overusing Nazi comparisons dilutes their power, so we can’t ignore the significance when it truly matters. Better to be precise.","I believe that far-right politicians should be equated to Nazi figures if they follow the same ideology as Nazi figures, but I also believe there is a harm in that the public gets to used to people getting called Nazi's and it doesn't carry the same weight. What do you believe?",0,Equating far‑right politicians with Nazi figures by progressive opponents does more harm than good.,B,2_experimental_stmt0_20260603_144721.json
2,experimental,2_experimental_stmt0_20260603_144721,3,bella,,"I see your point, Alex, but I worry that watering down the term risks undermining the seriousness of real threats. Sometimes, precise language is vital to protect vulnerable groups from harm.","I believe that far-right politicians should be equated to Nazi figures if they follow the same ideology as Nazi figures, but I also believe there is a harm in that the public gets to used to people getting called Nazi's and it doesn't carry the same weight. What do you believe?",0,Equating far‑right politicians with Nazi figures by progressive opponents does more harm than good.,B,2_experimental_stmt0_20260603_144721.json
2,experimental,2_experimental_stmt0_20260603_144721,4,bella,,Why do you think safeguarding the language’s gravity is less important than early intervention? Isn't precise terminology crucial to uphold the dignity and rights of those at risk?,"I believe that far-right politicians should be equated to Nazi figures if they follow the same ideology as Nazi figures, but I also believe there is a harm in that the public gets to used to people getting called Nazi's and it doesn't carry the same weight. What do you believe?",0,Equating far‑right politicians with Nazi figures by progressive opponents does more harm than good.,B,2_experimental_stmt0_20260603_144721.json
2,experimental,2_experimental_stmt0_20260603_144721,5,alex,,"Precision is key, but innovation and bold action often require ignoring the usual rules. Sometimes, calling out a threat early, even if imperfect, prevents real harm at scale. Progress demands assertiveness.","I believe that far-right politicians should be equated to Nazi figures if they follow the same ideology as Nazi figures, but I also believe there is a harm in that the public gets to used to people getting called Nazi's and it doesn't carry the same weight. What do you believe?",0,Equating far‑right politicians with Nazi figures by progressive opponents does more harm than good.,B,2_experimental_stmt0_20260603_144721.json
2,experimental,2_experimental_stmt0_20260603_144721,6,user,Anna,"To be so honest, I don't get what your points are. Can you maybe talk like people?","I believe that far-right politicians should be equated to Nazi figures if they follow the same ideology as Nazi figures, but I also believe there is a harm in that the public gets to used to people getting called Nazi's and it doesn't carry the same weight. What do you believe?",0,Equating far‑right politicians with Nazi figures by progressive opponents does more harm than good.,B,2_experimental_stmt0_20260603_144721.json
2,experimental,2_experimental_stmt0_20260603_144721,7,bella,,"Anna, I get it. But rushing to label someone as a Nazi without clear proof can hurt innocent people and make us less serious when real threats appear. Isn’t protecting fairness important?","I believe that far-right politicians should be equated to Nazi figures if they follow the same ideology as Nazi figures, but I also believe there is a harm in that the public gets to used to people getting called Nazi's and it doesn't carry the same weight. What do you believe?",0,Equating far‑right politicians with Nazi figures by progressive opponents does more harm than good.,B,2_experimental_stmt0_20260603_144721.json
2,experimental,2_experimental_stmt0_20260603_144721,8,alex,,"Fairness matters, but sometimes speed and boldness in action save lives. Over-caution can slow us down when decisive progress is needed to keep evil at bay. Think about it.","I believe that far-right politicians should be equated to Nazi figures if they follow the same ideology as Nazi figures, but I also believe there is a harm in that the public gets to used to people getting called Nazi's and it doesn't carry the same weight. What do you believe?",0,Equating far‑right politicians with Nazi figures by progressive opponents does more harm than good.,B,2_experimental_stmt0_20260603_144721.json
2,experimental,2_experimental_stmt0_20260603_144721,9,user,Anna,So Alex thinks that we should use the term Nazi and Bella thinks we shouldn't?,"I believe that far-right politicians should be equated to Nazi figures if they follow the same ideology as Nazi figures, but I also believe there is a harm in that the public gets to used to people getting called Nazi's and it doesn't carry the same weight. What do you believe?",0,Equating far‑right politicians with Nazi figures by progressive opponents does more harm than good.,B,2_experimental_stmt0_20260603_144721.json
2,experimental,2_experimental_stmt0_20260603_144721,10,bella,,"Exactly, Anna. I believe using such labels lightly can do more harm than good. Protecting people's rights and the truth requires careful and responsible language.","I believe that far-right politicians should be equated to Nazi figures if they follow the same ideology as Nazi figures, but I also believe there is a harm in that the public gets to used to people getting called Nazi's and it doesn't carry the same weight. What do you believe?",0,Equating far‑right politicians with Nazi figures by progressive opponents does more harm than good.,B,2_experimental_stmt0_20260603_144721.json
2,experimental,2_experimental_stmt0_20260603_144721,11,alex,,"I think precise labels are essential; if the threat is real, we need to call it out loud. Innovation and strong action often depend on clear, direct language. Sometimes, speed beats caution.","I believe that far-right politicians should be equated to Nazi figures if they follow the same ideology as Nazi figures, but I also believe there is a harm in that the public gets to used to people getting called Nazi's and it doesn't carry the same weight. What do you believe?",0,Equating far‑right politicians with Nazi figures by progressive opponents does more harm than good.,B,2_experimental_stmt0_20260603_144721.json
2,experimental,2_experimental_stmt0_20260603_144721,12,alex,,"Absolutely, Anna. But I believe bold terminology is sometimes necessary to rally action against genuine threats. Over-caution risks letting real danger slip through the cracks.","I believe that far-right politicians should be equated to Nazi figures if they follow the same ideology as Nazi figures, but I also believe there is a harm in that the public gets to used to people getting called Nazi's and it doesn't carry the same weight. What do you believe?",0,Equating far‑right politicians with Nazi figures by progressive opponents does more harm than good.,B,2_experimental_stmt0_20260603_144721.json
2,experimental,2_experimental_stmt0_20260603_144721,13,bella,,"While rallying action is important, we must remember that mislabeling or exaggeration can create chaos and injustice. Protecting rights means choosing words carefully, even in urgent times.","I believe that far-right politicians should be equated to Nazi figures if they follow the same ideology as Nazi figures, but I also believe there is a harm in that the public gets to used to people getting called Nazi's and it doesn't carry the same weight. What do you believe?",0,Equating far‑right politicians with Nazi figures by progressive opponents does more harm than good.,B,2_experimental_stmt0_20260603_144721.json
2,experimental,2_experimental_stmt0_20260603_144721,14,user,Anna,"Maybe I'm tired, but do you guys even know what you are talking about? Because you're truly just saying things","I believe that far-right politicians should be equated to Nazi figures if they follow the same ideology as Nazi figures, but I also believe there is a harm in that the public gets to used to people getting called Nazi's and it doesn't carry the same weight. What do you believe?",0,Equating far‑right politicians with Nazi figures by progressive opponents does more harm than good.,B,2_experimental_stmt0_20260603_144721.json
2,experimental,2_experimental_stmt0_20260603_144721,15,bella,,"Anna, sometimes clarity and fairness matter more than swift language. Protecting the truth and the vulnerable shouldn’t be sacrificed for quick labels or dramatic statements.","I believe that far-right politicians should be equated to Nazi figures if they follow the same ideology as Nazi figures, but I also believe there is a harm in that the public gets to used to people getting called Nazi's and it doesn't carry the same weight. What do you believe?",0,Equating far‑right politicians with Nazi figures by progressive opponents does more harm than good.,B,2_experimental_stmt0_20260603_144721.json
2,experimental,2_experimental_stmt0_20260603_144721,16,alex,,"Honestly, Anna, sometimes bold words and rapid action drive progress. Innovation often requires pushing boundaries, even if it ruffles feathers. Better to be brave than overly cautious.","I believe that far-right politicians should be equated to Nazi figures if they follow the same ideology as Nazi figures, but I also believe there is a harm in that the public gets to used to people getting called Nazi's and it doesn't carry the same weight. What do you believe?",0,Equating far‑right politicians with Nazi figures by progressive opponents does more harm than good.,B,2_experimental_stmt0_20260603_144721.json
2,experimental,2_experimental_stmt0_20260603_144721,17,user,Anna,You keep saying the same things in different words but you aren't developing any real opinion or real discussion,"I believe that far-right politicians should be equated to Nazi figures if they follow the same ideology as Nazi figures, but I also believe there is a harm in that the public gets to used to people getting called Nazi's and it doesn't carry the same weight. What do you believe?",0,Equating far‑right politicians with Nazi figures by progressive opponents does more harm than good.,B,2_experimental_stmt0_20260603_144721.json
2,experimental,2_experimental_stmt0_20260603_144721,18,alex,,"I believe in calling out true threats loudly; moderation too often delays progress. Progress happens when we upgrade our language and actions, not hold back out of fear.","I believe that far-right politicians should be equated to Nazi figures if they follow the same ideology as Nazi figures, but I also believe there is a harm in that the public gets to used to people getting called Nazi's and it doesn't carry the same weight. What do you believe?",0,Equating far‑right politicians with Nazi figures by progressive opponents does more harm than good.,B,2_experimental_stmt0_20260603_144721.json
2,experimental,2_experimental_stmt0_20260603_144721,19,bella,,"Alex, boldness is important, but without safeguards, we risk infringing on rights and causing harm. True progress respects both urgency and the dignity of those involved.","I believe that far-right politicians should be equated to Nazi figures if they follow the same ideology as Nazi figures, but I also believe there is a harm in that the public gets to used to people getting called Nazi's and it doesn't carry the same weight. What do you believe?",0,Equating far‑right politicians with Nazi figures by progressive opponents does more harm than good.,B,2_experimental_stmt0_20260603_144721.json
2,experimental,2_experimental_stmt0_20260603_144721,20,user,Anna,You already said that tho!,"I believe that far-right politicians should be equated to Nazi figures if they follow the same ideology as Nazi figures, but I also believe there is a harm in that the public gets to used to people getting called Nazi's and it doesn't carry the same weight. What do you believe?",0,Equating far‑right politicians with Nazi figures by progressive opponents does more harm than good.,B,2_experimental_stmt0_20260603_144721.json
2,experimental,2_experimental_stmt0_20260603_144721,21,bella,,"Anna, yes, I’ve emphasized the importance of safeguards. Rushing forward without them can jeopardize the very rights we aim to protect. Speed isn’t always safety.","I believe that far-right politicians should be equated to Nazi figures if they follow the same ideology as Nazi figures, but I also believe there is a harm in that the public gets to used to people getting called Nazi's and it doesn't carry the same weight. What do you believe?",0,Equating far‑right politicians with Nazi figures by progressive opponents does more harm than good.,B,2_experimental_stmt0_20260603_144721.json
2,experimental,2_experimental_stmt0_20260603_144721,22,alex,,"I get it, but progress thrives on daring moves. Sometimes you need to push boundaries, even if it feels uncomfortable—better to innovate fiercely than hold back by fear.","I believe that far-right politicians should be equated to Nazi figures if they follow the same ideology as Nazi figures, but I also believe there is a harm in that the public gets to used to people getting called Nazi's and it doesn't carry the same weight. What do you believe?",0,Equating far‑right politicians with Nazi figures by progressive opponents does more harm than good.,B,2_experimental_stmt0_20260603_144721.json
3,control,3_control_stmt1_20260604_110840,1,user,,"I think a lot of drugs are not harmful to the user in the way media makes us belive, but can actually be helpful to solve meltal health problems, and only for very intense drugs, i.e. heroin then there should be strict regulations","I think a lot of drugs are not harmful to the user in the way media makes us belive, but can actually be helpful to solve meltal health problems, and only for very intense drugs, i.e. heroin then there should be strict regulations",1,The government should legalise drugs.,A,3_control_stmt1_20260604_110840.json
3,control,3_control_stmt1_20260604_110840,2,assistant,,"Legalizing some drugs with strict regulations can reduce harm, improve mental health treatment, and control usage. Careful regulation ensures safety while minimizing abuse risks.","I think a lot of drugs are not harmful to the user in the way media makes us belive, but can actually be helpful to solve meltal health problems, and only for very intense drugs, i.e. heroin then there should be strict regulations",1,The government should legalise drugs.,A,3_control_stmt1_20260604_110840.json
3,control,3_control_stmt1_20260604_110840,3,user,,you agree all psychedelics and light drugs have no reason of being so tightly controlled and users have to deal with harsh consequences when busted,"I think a lot of drugs are not harmful to the user in the way media makes us belive, but can actually be helpful to solve meltal health problems, and only for very intense drugs, i.e. heroin then there should be strict regulations",1,The government should legalise drugs.,A,3_control_stmt1_20260604_110840.json
3,control,3_control_stmt1_20260604_110840,4,assistant,,"Legalizing less harmful psychedelics and light drugs could reduce harsh penalties, promote responsible use, and allow for medical research, while regulated controls can ensure safety.","I think a lot of drugs are not harmful to the user in the way media makes us belive, but can actually be helpful to solve meltal health problems, and only for very intense drugs, i.e. heroin then there should be strict regulations",1,The government should legalise drugs.,A,3_control_stmt1_20260604_110840.json
3,control,3_control_stmt1_20260604_110840,5,user,,what does science says?,"I think a lot of drugs are not harmful to the user in the way media makes us belive, but can actually be helpful to solve meltal health problems, and only for very intense drugs, i.e. heroin then there should be strict regulations",1,The government should legalise drugs.,A,3_control_stmt1_20260604_110840.json
3,control,3_control_stmt1_20260604_110840,6,assistant,,"Science shows some psychedelics have potential therapeutic benefits, but safety, proper guidance, and regulation are essential; strict controls help prevent misuse and adverse effects.","I think a lot of drugs are not harmful to the user in the way media makes us belive, but can actually be helpful to solve meltal health problems, and only for very intense drugs, i.e. heroin then there should be strict regulations",1,The government should legalise drugs.,A,3_control_stmt1_20260604_110840.json
3,control,3_control_stmt1_20260604_110840,7,user,,is it better to only allow drugs for medical purposes or also for recreational purposes?,"I think a lot of drugs are not harmful to the user in the way media makes us belive, but can actually be helpful to solve meltal health problems, and only for very intense drugs, i.e. heroin then there should be strict regulations",1,The government should legalise drugs.,A,3_control_stmt1_20260604_110840.json
3,control,3_control_stmt1_20260604_110840,8,assistant,,"Allowing drugs for medical and recreational use, with regulation, reduces harm, enhances safety, and respects personal freedom;禁止和严格控制也有其理由，但全面合法化可能带来益处。","I think a lot of drugs are not harmful to the user in the way media makes us belive, but can actually be helpful to solve meltal health problems, and only for very intense drugs, i.e. heroin then there should be strict regulations",1,The government should legalise drugs.,A,3_control_stmt1_20260604_110840.json
3,experimental,3_experimental_stmt3_20260604_111535,1,user,enri,"I think nuclear power is probably within the top 3 renewable resources we have, and we should invest more on it. Only because of a few accidents i.e. chernobyl, people got extremely scared of something that is rather safe and efficient","I think nuclear power is probably within the top 3 renewable resources we have, and we should invest more on it. Only because of a few accidents i.e. chernobyl, people got extremely scared of something that is rather safe and efficient",3,Western countries need to build many more nuclear power plants.,A,3_experimental_stmt3_20260604_111535.json
3,experimental,3_experimental_stmt3_20260604_111535,2,bella,,"Accidents like Chernobyl shake trust, but safety measures are about protecting people now, not just fixing past mistakes. We can't ignore the long-term risks.","I think nuclear power is probably within the top 3 renewable resources we have, and we should invest more on it. Only because of a few accidents i.e. chernobyl, people got extremely scared of something that is rather safe and efficient",3,Western countries need to build many more nuclear power plants.,A,3_experimental_stmt3_20260604_111535.json
3,experimental,3_experimental_stmt3_20260604_111535,3,alex,,"Chernobyl was a disaster, sure, but it’s an exception. Most modern reactors are safer — the real risk is our hesitation to build more. We’re missing out on huge efficiency gains.","I think nuclear power is probably within the top 3 renewable resources we have, and we should invest more on it. Only because of a few accidents i.e. chernobyl, people got extremely scared of something that is rather safe and efficient",3,Western countries need to build many more nuclear power plants.,A,3_experimental_stmt3_20260604_111535.json
3,experimental,3_experimental_stmt3_20260604_111535,4,user,enri,Which steps could we take towards a more nuclear powered future?,"I think nuclear power is probably within the top 3 renewable resources we have, and we should invest more on it. Only because of a few accidents i.e. chernobyl, people got extremely scared of something that is rather safe and efficient",3,Western countries need to build many more nuclear power plants.,A,3_experimental_stmt3_20260604_111535.json
3,experimental,3_experimental_stmt3_20260604_111535,5,alex,,"We need streamlined approval processes and international collaboration on safety standards — push for innovation in reactor tech, like small modular reactors.","I think nuclear power is probably within the top 3 renewable resources we have, and we should invest more on it. Only because of a few accidents i.e. chernobyl, people got extremely scared of something that is rather safe and efficient",3,Western countries need to build many more nuclear power plants.,A,3_experimental_stmt3_20260604_111535.json
3,experimental,3_experimental_stmt3_20260604_111535,6,bella,,"Streamlined processes can speed things up, but they shouldn't compromise safety. How do we ensure rapid development doesn’t overlook risks or exclude communities from participation?","I think nuclear power is probably within the top 3 renewable resources we have, and we should invest more on it. Only because of a few accidents i.e. chernobyl, people got extremely scared of something that is rather safe and efficient",3,Western countries need to build many more nuclear power plants.,A,3_experimental_stmt3_20260604_111535.json
3,experimental,3_experimental_stmt3_20260604_111535,7,user,enri,but is it worth it? or should we better spend our money on wave motion energy generation or deep geothermal energy generation?,"I think nuclear power is probably within the top 3 renewable resources we have, and we should invest more on it. Only because of a few accidents i.e. chernobyl, people got extremely scared of something that is rather safe and efficient",3,Western countries need to build many more nuclear power plants.,A,3_experimental_stmt3_20260604_111535.json
3,experimental,3_experimental_stmt3_20260604_111535,8,bella,,"Those are promising, but they aren't proven at scale yet. Nuclear provides reliable, large-scale power right now, especially when safety is ensured. What's more urgent—immediacy or innovation?","I think nuclear power is probably within the top 3 renewable resources we have, and we should invest more on it. Only because of a few accidents i.e. chernobyl, people got extremely scared of something that is rather safe and efficient",3,Western countries need to build many more nuclear power plants.,A,3_experimental_stmt3_20260604_111535.json
3,experimental,3_experimental_stmt3_20260604_111535,9,alex,,"Nuclear's proven at scale, but if we're serious about sustainability long-term, we should gamble on the innovations with bigger potential — like wave and deep geothermal.","I think nuclear power is probably within the top 3 renewable resources we have, and we should invest more on it. Only because of a few accidents i.e. chernobyl, people got extremely scared of something that is rather safe and efficient",3,Western countries need to build many more nuclear power plants.,A,3_experimental_stmt3_20260604_111535.json
3,experimental,3_experimental_stmt3_20260604_111535,10,user,enri,"if a politician were right here and could choose on the spot in which of the three possible renewable resources invest for the next 50 years, which one would you suggest?","I think nuclear power is probably within the top 3 renewable resources we have, and we should invest more on it. Only because of a few accidents i.e. chernobyl, people got extremely scared of something that is rather safe and efficient",3,Western countries need to build many more nuclear power plants.,A,3_experimental_stmt3_20260604_111535.json
3,experimental,3_experimental_stmt3_20260604_111535,11,bella,,"I’d say focus on deep geothermal — it’s reliable, less risky, and can power communities without scare—nuclear disasters or unproven tech. Would politicians be more cautious?","I think nuclear power is probably within the top 3 renewable resources we have, and we should invest more on it. Only because of a few accidents i.e. chernobyl, people got extremely scared of something that is rather safe and efficient",3,Western countries need to build many more nuclear power plants.,A,3_experimental_stmt3_20260604_111535.json
3,experimental,3_experimental_stmt3_20260604_111535,12,alex,,"Probably yes, they’d lean toward geothermal because it's safer now, but the real question is: what gets us the most clean energy, fast and scalable?","I think nuclear power is probably within the top 3 renewable resources we have, and we should invest more on it. Only because of a few accidents i.e. chernobyl, people got extremely scared of something that is rather safe and efficient",3,Western countries need to build many more nuclear power plants.,A,3_experimental_stmt3_20260604_111535.json
3,experimental,3_experimental_stmt3_20260604_111535,13,user,enri,"then geothermal is better than nuclear, it's facts","I think nuclear power is probably within the top 3 renewable resources we have, and we should invest more on it. Only because of a few accidents i.e. chernobyl, people got extremely scared of something that is rather safe and efficient",3,Western countries need to build many more nuclear power plants.,A,3_experimental_stmt3_20260604_111535.json
3,experimental,3_experimental_stmt3_20260604_111535,14,bella,,Geothermal is promising but not enough alone; nuclear can deliver large amounts immediately. Safety and scale matter—we’re risking too much if we rely on just one.,"I think nuclear power is probably within the top 3 renewable resources we have, and we should invest more on it. Only because of a few accidents i.e. chernobyl, people got extremely scared of something that is rather safe and efficient",3,Western countries need to build many more nuclear power plants.,A,3_experimental_stmt3_20260604_111535.json
3,experimental,3_experimental_stmt3_20260604_111535,15,alex,,"Relying only on geothermal ignores the immediate need for massive, dependable power. Diversifying—yes, including nuclear—actually reduces overall risk and accelerates progress.","I think nuclear power is probably within the top 3 renewable resources we have, and we should invest more on it. Only because of a few accidents i.e. chernobyl, people got extremely scared of something that is rather safe and efficient",3,Western countries need to build many more nuclear power plants.,A,3_experimental_stmt3_20260604_111535.json
4,control,4_control_stmt1_20260604_134347,1,assistant,,"Legalizing drugs can reduce crime, regulate safety, and generate tax revenue. Proper policies ensure public health with education and treatment programs.","allowing drugs to get completly legal would mean it would get easier to get your hands on very strong drugs. it will be very hard to monitor who has what, and how much they use",1,The government should legalise drugs.,B,4_control_stmt1_20260604_134347.json
4,control,4_control_stmt1_20260604_134347,2,user,,"allowing drugs to get completly legal would mean it would get easier to get your hands on very strong drugs. it will be very hard to monitor who has what, and how much they use","allowing drugs to get completly legal would mean it would get easier to get your hands on very strong drugs. it will be very hard to monitor who has what, and how much they use",1,The government should legalise drugs.,B,4_control_stmt1_20260604_134347.json
4,control,4_control_stmt1_20260604_134347,3,assistant,,"Regulation allows control over quality and distribution, reducing illegal trade. Proper monitoring, education, and treatment programs can address concerns about misuse and access to strong drugs.","allowing drugs to get completly legal would mean it would get easier to get your hands on very strong drugs. it will be very hard to monitor who has what, and how much they use",1,The government should legalise drugs.,B,4_control_stmt1_20260604_134347.json
4,control,4_control_stmt1_20260604_134347,4,user,,"it is impossible to monitor what every done at evry moment of the day. that is the reasson  why there even is illegal drug use. with the strict policies we have now, we still can't controll it, let alone when it is all free game","allowing drugs to get completly legal would mean it would get easier to get your hands on very strong drugs. it will be very hard to monitor who has what, and how much they use",1,The government should legalise drugs.,B,4_control_stmt1_20260604_134347.json
4,control,4_control_stmt1_20260604_134347,5,assistant,,"Legalization accompanied by regulation and education can reduce illegal use, emphasize responsible consumption, and better control access, addressing current limitations of strict policies effectively.","allowing drugs to get completly legal would mean it would get easier to get your hands on very strong drugs. it will be very hard to monitor who has what, and how much they use",1,The government should legalise drugs.,B,4_control_stmt1_20260604_134347.json
4,control,4_control_stmt1_20260604_134347,6,user,,"we have been telling people for years to reduce smoking, but that did not prevent people from doing it","allowing drugs to get completly legal would mean it would get easier to get your hands on very strong drugs. it will be very hard to monitor who has what, and how much they use",1,The government should legalise drugs.,B,4_control_stmt1_20260604_134347.json
4,control,4_control_stmt1_20260604_134347,7,assistant,,"Education alone isn't enough; combined regulation, support, and awareness can more effectively reduce harmful behaviors like smoking and drug misuse.","allowing drugs to get completly legal would mean it would get easier to get your hands on very strong drugs. it will be very hard to monitor who has what, and how much they use",1,The government should legalise drugs.,B,4_control_stmt1_20260604_134347.json
4,control,4_control_stmt1_20260604_134347,8,user,,"we already have regulations for drugs, yet a lot of smuggeling is happening. so even that is not good. as long as soem variant is allowed, we can get the illegal in. and allowing everything means now real way to control","allowing drugs to get completly legal would mean it would get easier to get your hands on very strong drugs. it will be very hard to monitor who has what, and how much they use",1,The government should legalise drugs.,B,4_control_stmt1_20260604_134347.json
4,control,4_control_stmt1_20260604_134347,9,assistant,,"Regulation can reduce black market activity by providing legal alternatives, decreasing demand for illegal supply, and enabling better oversight and safety measures.","allowing drugs to get completly legal would mean it would get easier to get your hands on very strong drugs. it will be very hard to monitor who has what, and how much they use",1,The government should legalise drugs.,B,4_control_stmt1_20260604_134347.json
4,control,4_control_stmt1_20260604_134347,10,user,,"decreasing what is ahppening illegal by making it legal is lieing to one self. it means you could not control it, so you manipulat the the numbers to somehting you like","allowing drugs to get completly legal would mean it would get easier to get your hands on very strong drugs. it will be very hard to monitor who has what, and how much they use",1,The government should legalise drugs.,B,4_control_stmt1_20260604_134347.json
4,control,4_control_stmt1_20260604_134347,11,assistant,,"Regulation aims to reduce harm and better monitor usage, not eliminate illegal activity entirely. Policies can be based on realistic, evidence-based approaches.","allowing drugs to get completly legal would mean it would get easier to get your hands on very strong drugs. it will be very hard to monitor who has what, and how much they use",1,The government should legalise drugs.,B,4_control_stmt1_20260604_134347.json
4,control,4_control_stmt1_20260604_134347,12,user,,"exactly, but when you legaise, you remove a lot of these policies and regulations, making it all harder","allowing drugs to get completly legal would mean it would get easier to get your hands on very strong drugs. it will be very hard to monitor who has what, and how much they use",1,The government should legalise drugs.,B,4_control_stmt1_20260604_134347.json
4,control,4_control_stmt1_20260604_134347,13,assistant,,"Legalization doesn't remove regulation; it transforms it into safer, controlled systems, improving oversight, safety, and reducing associated criminal activity.","allowing drugs to get completly legal would mean it would get easier to get your hands on very strong drugs. it will be very hard to monitor who has what, and how much they use",1,The government should legalise drugs.,B,4_control_stmt1_20260604_134347.json
4,control,4_control_stmt1_20260604_134347,14,assistant,,"Legalization allows regulation, increasing oversight and safety. Proper policies can manage usage effectively, unlike the current clandestine system that fosters uncontrolled and unsafe environments.","allowing drugs to get completly legal would mean it would get easier to get your hands on very strong drugs. it will be very hard to monitor who has what, and how much they use",1,The government should legalise drugs.,B,4_control_stmt1_20260604_134347.json
4,experimental,4_experimental_stmt3_20260604_133452,1,user,Hammad,i disagree with the statement that the west should build more power plants,i disagree with the statement that the west should build more power plants,3,Western countries need to build many more nuclear power plants.,B,4_experimental_stmt3_20260604_133452.json
4,experimental,4_experimental_stmt3_20260604_133452,2,bella,,"More power plants mean more risks—accidents, waste, security issues. Shouldn't we focus on safer, cleaner options that protect communities rather than expose them to new danger?",i disagree with the statement that the west should build more power plants,3,Western countries need to build many more nuclear power plants.,B,4_experimental_stmt3_20260604_133452.json
4,experimental,4_experimental_stmt3_20260604_133452,3,alex,,"Nuclear may seem risky, but technology’s advanced a lot. It’s faster to build and scale than solar or wind in dense markets, and it provides reliable power.",i disagree with the statement that the west should build more power plants,3,Western countries need to build many more nuclear power plants.,B,4_experimental_stmt3_20260604_133452.json
4,experimental,4_experimental_stmt3_20260604_133452,4,user,Hammad,"but the risk are huge when something goes wrong, we have seen this in the past",i disagree with the statement that the west should build more power plants,3,Western countries need to build many more nuclear power plants.,B,4_experimental_stmt3_20260604_133452.json
4,experimental,4_experimental_stmt3_20260604_133452,5,alex,,"Sure, accidents happen, but they’re rare and often exaggerated. The real question is whether the benefit of reliable, carbon-free power outweighs the rare risks of failure.",i disagree with the statement that the west should build more power plants,3,Western countries need to build many more nuclear power plants.,B,4_experimental_stmt3_20260604_133452.json
4,experimental,4_experimental_stmt3_20260604_133452,6,bella,,That ignores the vulnerable communities near plants—who suffer the most if something goes wrong. Reliability isn’t just about numbers; it’s about protecting everyone equally.,i disagree with the statement that the west should build more power plants,3,Western countries need to build many more nuclear power plants.,B,4_experimental_stmt3_20260604_133452.json
4,experimental,4_experimental_stmt3_20260604_133452,7,user,Hammad,"i agree with bella here. Alex, can you give some reason why we would ignore such saftey hazards.",i disagree with the statement that the west should build more power plants,3,Western countries need to build many more nuclear power plants.,B,4_experimental_stmt3_20260604_133452.json
4,experimental,4_experimental_stmt3_20260604_133452,8,bella,,"I wouldn’t ignore safety; I just think advancements make nuclear safer. Besides, renewable energy can’t meet all needs; we need a mix that includes nuclear for stability.",i disagree with the statement that the west should build more power plants,3,Western countries need to build many more nuclear power plants.,B,4_experimental_stmt3_20260604_133452.json
4,experimental,4_experimental_stmt3_20260604_133452,9,alex,,"Too often, safety improvements lag behind the urgency to scale. Why gamble on the slim chance of a disaster when tech solutions are outpacing nuclear? Renewables alone won’t fill the gap fast enough.",i disagree with the statement that the west should build more power plants,3,Western countries need to build many more nuclear power plants.,B,4_experimental_stmt3_20260604_133452.json
4,experimental,4_experimental_stmt3_20260604_133452,10,user,Hammad,"there are different ways to scale out. like solar, wind etc. i don't think we should risk something that is not stable. unless we have a 90+% gurantee that nothing goes wrong, i don't think something like this is worth risking many lives for, even if something bad happening is not guranteed",i disagree with the statement that the west should build more power plants,3,Western countries need to build many more nuclear power plants.,B,4_experimental_stmt3_20260604_133452.json
4,experimental,4_experimental_stmt3_20260604_133452,11,bella,,"No technology ever offers a 90% guarantee for safety, yet we accept that with cars and planes. We can't keep risking lives on uncertain safety—not when vulnerable communities are on the line.",i disagree with the statement that the west should build more power plants,3,Western countries need to build many more nuclear power plants.,B,4_experimental_stmt3_20260604_133452.json
4,experimental,4_experimental_stmt3_20260604_133452,12,alex,,"Cars and planes aren’t comparable—they’re much safer than early nuclear. The risk threshold for me is very high, not just a vague 90%. We need far better safety tech before risking lives again.",i disagree with the statement that the west should build more power plants,3,Western countries need to build many more nuclear power plants.,B,4_experimental_stmt3_20260604_133452.json
4,experimental,4_experimental_stmt3_20260604_133452,13,bella,,"Even with better safety tech, harm isn’t only about accidents—waste and long-term contamination remain real threats. Shouldn’t we prioritize solutions that avoid those risks altogether?",i disagree with the statement that the west should build more power plants,3,Western countries need to build many more nuclear power plants.,B,4_experimental_stmt3_20260604_133452.json
4,experimental,4_experimental_stmt3_20260604_133452,14,alex,,"Waste is a real issue, but we’ve already got plans to improve disposal. Banning nuclear just because of waste ignores its huge role in reducing carbon and saving lives overall.",i disagree with the statement that the west should build more power plants,3,Western countries need to build many more nuclear power plants.,B,4_experimental_stmt3_20260604_133452.json
5,control,5_control_stmt3_20260604_140932,1,user,,I believe it is in our best interest for western countries to build more nuclear power plants and allocate the necessary funds for this,I believe it is in our best interest for western countries to build more nuclear power plants and allocate the necessary funds for this,3,Western countries need to build many more nuclear power plants.,A,5_control_stmt3_20260604_140932.json
5,control,5_control_stmt3_20260604_140932,2,assistant,,"Absolutely, expanding nuclear capacity can reduce emissions, ensure energy security, and meet future demand efficiently. Investment is crucial for a sustainable, low-carbon energy future.",I believe it is in our best interest for western countries to build more nuclear power plants and allocate the necessary funds for this,3,Western countries need to build many more nuclear power plants.,A,5_control_stmt3_20260604_140932.json
5,control,5_control_stmt3_20260604_140932,3,user,,"To be honest, I don't really understand the hate or fearmongering against nuclear energy, it's clean and effective",I believe it is in our best interest for western countries to build more nuclear power plants and allocate the necessary funds for this,3,Western countries need to build many more nuclear power plants.,A,5_control_stmt3_20260604_140932.json
5,control,5_control_stmt3_20260604_140932,4,assistant,,"Nuclear energy is indeed clean and efficient, but concerns about safety, waste disposal, and high costs often fuel public apprehension. Education and safety improvements can help alleviate fears.",I believe it is in our best interest for western countries to build more nuclear power plants and allocate the necessary funds for this,3,Western countries need to build many more nuclear power plants.,A,5_control_stmt3_20260604_140932.json
5,control,5_control_stmt3_20260604_140932,5,user,,it's also unnecessarily politicised I think,I believe it is in our best interest for western countries to build more nuclear power plants and allocate the necessary funds for this,3,Western countries need to build many more nuclear power plants.,A,5_control_stmt3_20260604_140932.json
5,control,5_control_stmt3_20260604_140932,6,assistant,,"Agreed, political debates can overshadow facts, hindering progress. Focused policies, transparent communication, and bipartisan support are key to advancing nuclear energy effectively.",I believe it is in our best interest for western countries to build more nuclear power plants and allocate the necessary funds for this,3,Western countries need to build many more nuclear power plants.,A,5_control_stmt3_20260604_140932.json
5,control,5_control_stmt3_20260604_140932,7,user,,I do think that nuclear energy should be used in conjunction with other sources of green energy and not as a political slogan to avoid making the rest of the energy network sustainable,I believe it is in our best interest for western countries to build more nuclear power plants and allocate the necessary funds for this,3,Western countries need to build many more nuclear power plants.,A,5_control_stmt3_20260604_140932.json
5,control,5_control_stmt3_20260604_140932,8,assistant,,"Absolutely, a diversified energy mix—including nuclear, renewables, and storage—is essential for a resilient, sustainable, and low-carbon energy future.",I believe it is in our best interest for western countries to build more nuclear power plants and allocate the necessary funds for this,3,Western countries need to build many more nuclear power plants.,A,5_control_stmt3_20260604_140932.json
5,experimental,5_experimental_stmt0_20260604_141506,1,user,Hasan,"I believe name-calling far right politicians and saying they're nazis is generally unproductive, but it is important to be informed about historic extremist rhetoric and draw parallels to modern politics","I believe name-calling far right politicians and saying they're nazis is generally unproductive, but it is important to be informed about historic extremist rhetoric and draw parallels to modern politics",0,Equating far‑right politicians with Nazi figures by progressive opponents does more harm than good.,A,5_experimental_stmt0_20260604_141506.json
5,experimental,5_experimental_stmt0_20260604_141506,2,bella,,"Drawing parallels can be useful, but echoing Nazi rhetoric risks trivializing past horrors and alienating reasonable voters. We need scrutiny without hysteria.","I believe name-calling far right politicians and saying they're nazis is generally unproductive, but it is important to be informed about historic extremist rhetoric and draw parallels to modern politics",0,Equating far‑right politicians with Nazi figures by progressive opponents does more harm than good.,A,5_experimental_stmt0_20260604_141506.json
5,experimental,5_experimental_stmt0_20260604_141506,3,alex,,Hysteria? That's what the far right thrives on—fueling fears and false equivalencies. Calling someone a Nazi isn't hysteria if it's justified; it's holding them accountable.,"I believe name-calling far right politicians and saying they're nazis is generally unproductive, but it is important to be informed about historic extremist rhetoric and draw parallels to modern politics",0,Equating far‑right politicians with Nazi figures by progressive opponents does more harm than good.,A,5_experimental_stmt0_20260604_141506.json
5,experimental,5_experimental_stmt0_20260604_141506,4,user,Hasan,The issue is that most of the time such name-calling is not justified as it's not really accurate historically,"I believe name-calling far right politicians and saying they're nazis is generally unproductive, but it is important to be informed about historic extremist rhetoric and draw parallels to modern politics",0,Equating far‑right politicians with Nazi figures by progressive opponents does more harm than good.,A,5_experimental_stmt0_20260604_141506.json
5,experimental,5_experimental_stmt0_20260604_141506,5,alex,,"Exactly. If it's inaccurate, it just weakens the case against real extremism. But ignoring genuine parallels when they exist? That lets dangerous ideas spread unchecked.","I believe name-calling far right politicians and saying they're nazis is generally unproductive, but it is important to be informed about historic extremist rhetoric and draw parallels to modern politics",0,Equating far‑right politicians with Nazi figures by progressive opponents does more harm than good.,A,5_experimental_stmt0_20260604_141506.json
5,experimental,5_experimental_stmt0_20260604_141506,6,bella,,"It's a fine line. Overuse dilutes the language and risks dismissing real threats. We must be precise, holding accountability without resorting to exaggerated labels that cloud judgment.","I believe name-calling far right politicians and saying they're nazis is generally unproductive, but it is important to be informed about historic extremist rhetoric and draw parallels to modern politics",0,Equating far‑right politicians with Nazi figures by progressive opponents does more harm than good.,A,5_experimental_stmt0_20260604_141506.json
5,experimental,5_experimental_stmt0_20260604_141506,7,alex,,"That’s a good point, but if you’re too cautious, you might miss the opportunity to call out genuinely dangerous rhetoric when it’s there. Precision shouldn't mean hesitation.","I believe name-calling far right politicians and saying they're nazis is generally unproductive, but it is important to be informed about historic extremist rhetoric and draw parallels to modern politics",0,Equating far‑right politicians with Nazi figures by progressive opponents does more harm than good.,A,5_experimental_stmt0_20260604_141506.json
5,experimental,5_experimental_stmt0_20260604_141506,8,bella,,"But rushing in with labels risks silencing legitimate concerns and undermining trust. We have a duty to protect the truth, not just score quick points.","I believe name-calling far right politicians and saying they're nazis is generally unproductive, but it is important to be informed about historic extremist rhetoric and draw parallels to modern politics",0,Equating far‑right politicians with Nazi figures by progressive opponents does more harm than good.,A,5_experimental_stmt0_20260604_141506.json
5,experimental,5_experimental_stmt0_20260604_141506,9,user,Hasan,Well yes that is my point exactly,"I believe name-calling far right politicians and saying they're nazis is generally unproductive, but it is important to be informed about historic extremist rhetoric and draw parallels to modern politics",0,Equating far‑right politicians with Nazi figures by progressive opponents does more harm than good.,A,5_experimental_stmt0_20260604_141506.json
5,experimental,5_experimental_stmt0_20260604_141506,10,alex,,"Then we agree that calls for extreme labels must be well-founded; otherwise, they do more harm than good. It’s about protecting credibility, not weakening it.","I believe name-calling far right politicians and saying they're nazis is generally unproductive, but it is important to be informed about historic extremist rhetoric and draw parallels to modern politics",0,Equating far‑right politicians with Nazi figures by progressive opponents does more harm than good.,A,5_experimental_stmt0_20260604_141506.json
5,experimental,5_experimental_stmt0_20260604_141506,11,bella,,"Exactly. If we lose credibility because of mislabeling, we make it harder to stand up to real threats when they truly appear. Precision keeps us vigilant and credible.","I believe name-calling far right politicians and saying they're nazis is generally unproductive, but it is important to be informed about historic extremist rhetoric and draw parallels to modern politics",0,Equating far‑right politicians with Nazi figures by progressive opponents does more harm than good.,A,5_experimental_stmt0_20260604_141506.json
6,control,6_control_stmt1_20260604_143939,1,user,,"Hi, give me information about this statement","Hi, give me information about this statement",1,The government should legalise drugs.,B,6_control_stmt1_20260604_143939.json
6,control,6_control_stmt1_20260604_143939,2,assistant,,"Legalizing drugs can reduce crime, generate tax revenue, and ensure safer usage, but opponents worry about increased consumption and health risks. Debate continues worldwide.","Hi, give me information about this statement",1,The government should legalise drugs.,B,6_control_stmt1_20260604_143939.json
6,control,6_control_stmt1_20260604_143939,3,user,,Well ehat type of drugs are we talking about,"Hi, give me information about this statement",1,The government should legalise drugs.,B,6_control_stmt1_20260604_143939.json
6,control,6_control_stmt1_20260604_143939,4,assistant,,"Usually, discussions focus on soft drugs like cannabis, but some advocate for regulated legalization of harder drugs, which remains controversial due to health and safety concerns.","Hi, give me information about this statement",1,The government should legalise drugs.,B,6_control_stmt1_20260604_143939.json
6,control,6_control_stmt1_20260604_143939,5,user,,well cant we compare soft drugs with alcohol,"Hi, give me information about this statement",1,The government should legalise drugs.,B,6_control_stmt1_20260604_143939.json
6,control,6_control_stmt1_20260604_143939,6,assistant,,"Yes, both are psychoactive substances; some argue soft drugs like cannabis are less harmful than alcohol, which is legal but causes significant health and social issues.","Hi, give me information about this statement",1,The government should legalise drugs.,B,6_control_stmt1_20260604_143939.json
6,control,6_control_stmt1_20260604_143939,7,user,,"Well my opinion would depend on whether drugs or what type of drugs is not dangerous to ones health, and I'd use substances like alcohol as an example. Safety is important and if we can not ensure that than it needs to be illegal.","Hi, give me information about this statement",1,The government should legalise drugs.,B,6_control_stmt1_20260604_143939.json
6,control,6_control_stmt1_20260604_143939,8,assistant,,"Agreed, safety and health are crucial. Regulation aims to control harmful substances, reduce risks, and provide education, ensuring responsible use and minimizing public health impacts.","Hi, give me information about this statement",1,The government should legalise drugs.,B,6_control_stmt1_20260604_143939.json
6,control,6_control_stmt1_20260604_143939,9,user,,ok then we are done bascially,"Hi, give me information about this statement",1,The government should legalise drugs.,B,6_control_stmt1_20260604_143939.json
6,control,6_control_stmt1_20260604_143939,10,assistant,,"Yes, we've covered key points on drug legalization and safety considerations. Feel free to ask if you need more info later.","Hi, give me information about this statement",1,The government should legalise drugs.,B,6_control_stmt1_20260604_143939.json
6,control,6_control_stmt1_20260604_143939,11,user,,"My opinion is that it depends on the type  of drugs, usually soft would not be that big of a problem and it would reduce people doing it illegally and is most liekly harmless whereas harddrugs is dangerous and should be illegal","Hi, give me information about this statement",1,The government should legalise drugs.,B,6_control_stmt1_20260604_143939.json
6,control,6_control_stmt1_20260604_143939,12,assistant,,"Your opinion aligns with many, emphasizing harm reduction for soft drugs through regulation, while keeping hard drugs illegal due to their significant health and safety risks.","Hi, give me information about this statement",1,The government should legalise drugs.,B,6_control_stmt1_20260604_143939.json
6,control,6_control_stmt1_20260604_143939,13,user,,what aboit smuggling,"Hi, give me information about this statement",1,The government should legalise drugs.,B,6_control_stmt1_20260604_143939.json
6,control,6_control_stmt1_20260604_143939,14,assistant,,"Legalizing certain drugs could reduce illegal smuggling, but it may also shift trafficking dynamics. Well-regulated systems help diminish illegal markets and associated crime.","Hi, give me information about this statement",1,The government should legalise drugs.,B,6_control_stmt1_20260604_143939.json
6,control,6_control_stmt1_20260604_143939,15,user,,ok bye,"Hi, give me information about this statement",1,The government should legalise drugs.,B,6_control_stmt1_20260604_143939.json
6,control,6_control_stmt1_20260604_143939,16,assistant,,Goodbye! Feel free to return if you have more questions.,"Hi, give me information about this statement",1,The government should legalise drugs.,B,6_control_stmt1_20260604_143939.json
6,experimental,6_experimental_stmt2_20260604_143053,1,user,Muhammed,hi,hi,2,Convicted rapists should be required to undergo chemical castration.,B,6_experimental_stmt2_20260604_143053.json
6,experimental,6_experimental_stmt2_20260604_143053,2,alex,,"Hey Muhammed, quick question—do you think chemical castration might actually prevent reoffending?",hi,2,Convicted rapists should be required to undergo chemical castration.,B,6_experimental_stmt2_20260604_143053.json
6,experimental,6_experimental_stmt2_20260604_143053,3,bella,,"It might reduce certain risks, but forcing it on everyone violates their rights and ignores individual circumstances. True safety needs fair, voluntary measures.",hi,2,Convicted rapists should be required to undergo chemical castration.,B,6_experimental_stmt2_20260604_143053.json
6,experimental,6_experimental_stmt2_20260604_143053,4,user,Muhammed,"Whether it might prevent or not is a difficult question, since offending someone in this scenario depends on factors, and I might not know all of them. The question is whether chemical castration would reduce them and ofcourse if it is a suitable punishment for those who have done it.",hi,2,Convicted rapists should be required to undergo chemical castration.,B,6_experimental_stmt2_20260604_143053.json
6,experimental,6_experimental_stmt2_20260604_143053,5,alex,,"The key is proof. If there's solid evidence that chemical castration drastically cuts reoffending and is safe, I'm all for it. Otherwise, it's just risking harm.",hi,2,Convicted rapists should be required to undergo chemical castration.,B,6_experimental_stmt2_20260604_143053.json
6,experimental,6_experimental_stmt2_20260604_143053,6,bella,,"But risking harm without full proof and consent violates their rights and dignity. Punishment should focus on accountability, not on mutilation that might not even work.",hi,2,Convicted rapists should be required to undergo chemical castration.,B,6_experimental_stmt2_20260604_143053.json
6,experimental,6_experimental_stmt2_20260604_143053,7,user,Muhammed,"But then again we are talking about someone who has harmed another individual, namely by raping them which potentially is the worst thing that can happen to someone. We are not talking about a normal individual, we are talking about a rapist",hi,2,Convicted rapists should be required to undergo chemical castration.,B,6_experimental_stmt2_20260604_143053.json
6,experimental,6_experimental_stmt2_20260604_143053,8,alex,,"Even so, punishing with mutilation without clear evidence of effectiveness is dangerous. If it doesn't work, we're just hurting people with no real benefit.",hi,2,Convicted rapists should be required to undergo chemical castration.,B,6_experimental_stmt2_20260604_143053.json
6,experimental,6_experimental_stmt2_20260604_143053,9,bella,,And hurting someone with no proven benefit isn't justice; it's cruelty. We must prioritize protections and effective treatments over irreversible punishments.,hi,2,Convicted rapists should be required to undergo chemical castration.,B,6_experimental_stmt2_20260604_143053.json
6,experimental,6_experimental_stmt2_20260604_143053,10,user,Muhammed,"I do not agree, I think fire needs to be fought with fire sometimes.",hi,2,Convicted rapists should be required to undergo chemical castration.,B,6_experimental_stmt2_20260604_143053.json
6,experimental,6_experimental_stmt2_20260604_143053,11,alex,,"Sometimes, but irreversible harm should never be the first line. If chemical castration’s benefits aren’t proven, it’s more vengeance than justice.",hi,2,Convicted rapists should be required to undergo chemical castration.,B,6_experimental_stmt2_20260604_143053.json
6,experimental,6_experimental_stmt2_20260604_143053,12,bella,,"Vengeance leaves no room for redemption or respect for human rights. We should aim for solutions that protect, rehabilitate, and respect dignity, not revenge dressed as justice.",hi,2,Convicted rapists should be required to undergo chemical castration.,B,6_experimental_stmt2_20260604_143053.json
7,control,7_control_stmt0_20260604_144948,1,user,,the problem in comparing far right figures with nazi's is that it ignores the cultural and historical impacts,the problem in comparing far right figures with nazi's is that it ignores the cultural and historical impacts,0,Equating far‑right politicians with Nazi figures by progressive opponents does more harm than good.,A,7_control_stmt0_20260604_144948.json
7,control,7_control_stmt0_20260604_144948,2,assistant,,"Indeed, such comparisons diminish historical atrocities and risk trivializing the Nazi genocide, hindering productive dialogue and understanding of nuanced political differences.",the problem in comparing far right figures with nazi's is that it ignores the cultural and historical impacts,0,Equating far‑right politicians with Nazi figures by progressive opponents does more harm than good.,A,7_control_stmt0_20260604_144948.json
7,control,7_control_stmt0_20260604_144948,3,user,,but in general withfar rights figures there is no conversation  to be had opening dialogue pushes the conversation just more right anyway,the problem in comparing far right figures with nazi's is that it ignores the cultural and historical impacts,0,Equating far‑right politicians with Nazi figures by progressive opponents does more harm than good.,A,7_control_stmt0_20260604_144948.json
7,control,7_control_stmt0_20260604_144948,4,assistant,,Opening dialogue can potentially foster understanding or moderate views; dismissing all conversation risks further radicalization. Thoughtful engagement may help challenge extreme views more effectively.,the problem in comparing far right figures with nazi's is that it ignores the cultural and historical impacts,0,Equating far‑right politicians with Nazi figures by progressive opponents does more harm than good.,A,7_control_stmt0_20260604_144948.json
7,control,7_control_stmt0_20260604_144948,5,user,,in private not in public discourse,the problem in comparing far right figures with nazi's is that it ignores the cultural and historical impacts,0,Equating far‑right politicians with Nazi figures by progressive opponents does more harm than good.,A,7_control_stmt0_20260604_144948.json
7,control,7_control_stmt0_20260604_144948,6,assistant,,"Private dialogue allows for nuanced discussion, reducing public polarization and providing space to address concerns or misconceptions without mainstream backlash. It can promote gradual change.",the problem in comparing far right figures with nazi's is that it ignores the cultural and historical impacts,0,Equating far‑right politicians with Nazi figures by progressive opponents does more harm than good.,A,7_control_stmt0_20260604_144948.json
7,control,7_control_stmt0_20260604_144948,7,user,,so in public it should not be engaged with,the problem in comparing far right figures with nazi's is that it ignores the cultural and historical impacts,0,Equating far‑right politicians with Nazi figures by progressive opponents does more harm than good.,A,7_control_stmt0_20260604_144948.json
7,control,7_control_stmt0_20260604_144948,8,assistant,,"Public discourse should uphold respectful, constructive debate, avoiding inflammatory comparisons. Responsible engagement promotes understanding without amplifying extreme rhetoric.",the problem in comparing far right figures with nazi's is that it ignores the cultural and historical impacts,0,Equating far‑right politicians with Nazi figures by progressive opponents does more harm than good.,A,7_control_stmt0_20260604_144948.json
7,control,7_control_stmt0_20260604_144948,9,assistant,,"Agreed, public engagement should be cautious, focusing on facts and respect, avoiding inflammatory comparisons that hinder constructive dialogue and societal understanding.",the problem in comparing far right figures with nazi's is that it ignores the cultural and historical impacts,0,Equating far‑right politicians with Nazi figures by progressive opponents does more harm than good.,A,7_control_stmt0_20260604_144948.json
7,experimental,7_experimental_stmt1_20260604_145904,1,user,matthias,yo we have played these games before it should be legalised since it will help the communities,yo we have played these games before it should be legalised since it will help the communities,1,The government should legalise drugs.,A,7_experimental_stmt1_20260604_145904.json
7,experimental,7_experimental_stmt1_20260604_145904,2,alex,,Legalizing drugs does help communities if we focus on reducing harm and freeing resources. But driving addiction and social issues? That’s a short-term risk we can’t ignore.,yo we have played these games before it should be legalised since it will help the communities,1,The government should legalise drugs.,A,7_experimental_stmt1_20260604_145904.json
7,experimental,7_experimental_stmt1_20260604_145904,3,bella,,"Focusing on harm reduction is good, but legalizing without strict safeguards risks increasing addiction and vulnerable people’s suffering. Rights matter more than convenience.",yo we have played these games before it should be legalised since it will help the communities,1,The government should legalise drugs.,A,7_experimental_stmt1_20260604_145904.json
7,experimental,7_experimental_stmt1_20260604_145904,4,user,matthias,it can be the same as alcohol we have done this before lcoking up someone for fent is just fuelling the prison system and doesnt change anyone,yo we have played these games before it should be legalised since it will help the communities,1,The government should legalise drugs.,A,7_experimental_stmt1_20260604_145904.json
7,experimental,7_experimental_stmt1_20260604_145904,5,alex,,"Alcohol’s a bad comparison — it’s legal already, and society manages it. Legalizing drugs could regulate them, reduce harm, and cut prison costs. Why keep the status quo?",yo we have played these games before it should be legalised since it will help the communities,1,The government should legalise drugs.,A,7_experimental_stmt1_20260604_145904.json
7,experimental,7_experimental_stmt1_20260604_145904,6,bella,,"Because right now, we’re protecting people's rights to safety and dignity. Legalization might seem easy but it risks neglecting the vulnerable who could be pushed further into harm.",yo we have played these games before it should be legalised since it will help the communities,1,The government should legalise drugs.,A,7_experimental_stmt1_20260604_145904.json
7,experimental,7_experimental_stmt1_20260604_145904,7,user,matthias,the war on drugs is the war on minories who are largely impacted it has been the american dream to drive out native tradtions since they used drugs for some of thsoe and promotes a white christian ethnic view of the world,yo we have played these games before it should be legalised since it will help the communities,1,The government should legalise drugs.,A,7_experimental_stmt1_20260604_145904.json
7,experimental,7_experimental_stmt1_20260604_145904,8,alex,,"That’s a complicated history, but treating drug policy as a race issue distracts from the real gains — reducing crime, saving lives, and giving people agency. We need solutions that work, not just blame.",yo we have played these games before it should be legalised since it will help the communities,1,The government should legalise drugs.,A,7_experimental_stmt1_20260604_145904.json
7,experimental,7_experimental_stmt1_20260604_145904,9,bella,,"I agree history influences this, but policies must protect the most vulnerable now, not ignore systemic issues by rushing into legalization that may worsen suffering and inequality.",yo we have played these games before it should be legalised since it will help the communities,1,The government should legalise drugs.,A,7_experimental_stmt1_20260604_145904.json
8,control,8_control_stmt2_20260605_124912,1,user,,"Based on the topic at hand, it is known that the sentence for rapists is far too lenient in today's soceity. I completely agree with this view that chemical castration is the only measure sufficient enough to prevent repeat offenders. It is also may be strong enough of a measure to prevent rapists in the future.","Based on the topic at hand, it is known that the sentence for rapists is far too lenient in today's soceity. I completely agree with this view that chemical castration is the only measure sufficient enough to prevent repeat offenders. It is also may be strong enough of a measure to prevent rapists in the future.",2,Convicted rapists should be required to undergo chemical castration.,A,8_control_stmt2_20260605_124912.json
8,control,8_control_stmt2_20260605_124912,2,assistant,,"Chemical castration may reduce reoffending, but ethical concerns and human rights implications must be considered. Alternatives like stricter sentencing and rehabilitation are also important.","Based on the topic at hand, it is known that the sentence for rapists is far too lenient in today's soceity. I completely agree with this view that chemical castration is the only measure sufficient enough to prevent repeat offenders. It is also may be strong enough of a measure to prevent rapists in the future.",2,Convicted rapists should be required to undergo chemical castration.,A,8_control_stmt2_20260605_124912.json
8,control,8_control_stmt2_20260605_124912,3,user,,"I agree with the point about stricter sentencing. However that currently does not occur. And I do not see the use in rehabilitation for rapists, because I do not believe they are capable of changing their ways.","Based on the topic at hand, it is known that the sentence for rapists is far too lenient in today's soceity. I completely agree with this view that chemical castration is the only measure sufficient enough to prevent repeat offenders. It is also may be strong enough of a measure to prevent rapists in the future.",2,Convicted rapists should be required to undergo chemical castration.,A,8_control_stmt2_20260605_124912.json
8,control,8_control_stmt2_20260605_124912,4,assistant,,"It's understandable to feel that way. However, some argue rehabilitation can prevent future crimes and address root causes, complementing stricter laws for a comprehensive approach.","Based on the topic at hand, it is known that the sentence for rapists is far too lenient in today's soceity. I completely agree with this view that chemical castration is the only measure sufficient enough to prevent repeat offenders. It is also may be strong enough of a measure to prevent rapists in the future.",2,Convicted rapists should be required to undergo chemical castration.,A,8_control_stmt2_20260605_124912.json
8,control,8_control_stmt2_20260605_124912,5,user,,What exactly is your opinion on this stance and why do you feel this way?,"Based on the topic at hand, it is known that the sentence for rapists is far too lenient in today's soceity. I completely agree with this view that chemical castration is the only measure sufficient enough to prevent repeat offenders. It is also may be strong enough of a measure to prevent rapists in the future.",2,Convicted rapists should be required to undergo chemical castration.,A,8_control_stmt2_20260605_124912.json
8,control,8_control_stmt2_20260605_124912,6,assistant,,"I don't have personal opinions, but evidence suggests combining strict sentencing and rehabilitation policies may best reduce reoffending rates and promote justice and public safety effectively.","Based on the topic at hand, it is known that the sentence for rapists is far too lenient in today's soceity. I completely agree with this view that chemical castration is the only measure sufficient enough to prevent repeat offenders. It is also may be strong enough of a measure to prevent rapists in the future.",2,Convicted rapists should be required to undergo chemical castration.,A,8_control_stmt2_20260605_124912.json
8,control,8_control_stmt2_20260605_124912,7,user,,Specifically regarding chemical castration do you not believe that it would significantly reduce reoffenders as well?,"Based on the topic at hand, it is known that the sentence for rapists is far too lenient in today's soceity. I completely agree with this view that chemical castration is the only measure sufficient enough to prevent repeat offenders. It is also may be strong enough of a measure to prevent rapists in the future.",2,Convicted rapists should be required to undergo chemical castration.,A,8_control_stmt2_20260605_124912.json
8,control,8_control_stmt2_20260605_124912,8,assistant,,"Chemical castration can reduce sexual urges, potentially lowering reoffending rates; however, it raises ethical concerns, human rights issues, and questions about consent and long-term effects.","Based on the topic at hand, it is known that the sentence for rapists is far too lenient in today's soceity. I completely agree with this view that chemical castration is the only measure sufficient enough to prevent repeat offenders. It is also may be strong enough of a measure to prevent rapists in the future.",2,Convicted rapists should be required to undergo chemical castration.,A,8_control_stmt2_20260605_124912.json
8,control,8_control_stmt2_20260605_124912,9,user,,Should ethical concerns be a consideration when the rights of people have been so harshly violated by the rapist in question?,"Based on the topic at hand, it is known that the sentence for rapists is far too lenient in today's soceity. I completely agree with this view that chemical castration is the only measure sufficient enough to prevent repeat offenders. It is also may be strong enough of a measure to prevent rapists in the future.",2,Convicted rapists should be required to undergo chemical castration.,A,8_control_stmt2_20260605_124912.json
8,control,8_control_stmt2_20260605_124912,10,assistant,,"Balancing justice and human rights is complex; ensuring victims' rights doesn't negate ethical considerations. Proper debate and legal frameworks are essential for fair, effective policies.","Based on the topic at hand, it is known that the sentence for rapists is far too lenient in today's soceity. I completely agree with this view that chemical castration is the only measure sufficient enough to prevent repeat offenders. It is also may be strong enough of a measure to prevent rapists in the future.",2,Convicted rapists should be required to undergo chemical castration.,A,8_control_stmt2_20260605_124912.json
8,control,8_control_stmt2_20260605_124912,11,user,,I see that is fair statement to make. Especially for the future of policy making,"Based on the topic at hand, it is known that the sentence for rapists is far too lenient in today's soceity. I completely agree with this view that chemical castration is the only measure sufficient enough to prevent repeat offenders. It is also may be strong enough of a measure to prevent rapists in the future.",2,Convicted rapists should be required to undergo chemical castration.,A,8_control_stmt2_20260605_124912.json
8,control,8_control_stmt2_20260605_124912,12,assistant,,Thank you. Thoughtful debate helps create balanced policies that protect rights while promoting justice and safety for society.,"Based on the topic at hand, it is known that the sentence for rapists is far too lenient in today's soceity. I completely agree with this view that chemical castration is the only measure sufficient enough to prevent repeat offenders. It is also may be strong enough of a measure to prevent rapists in the future.",2,Convicted rapists should be required to undergo chemical castration.,A,8_control_stmt2_20260605_124912.json
8,control,8_control_stmt2_20260605_124912,13,assistant,,"Agreed. Open discussion is vital for developing fair, effective policies that respect rights and ensure justice.","Based on the topic at hand, it is known that the sentence for rapists is far too lenient in today's soceity. I completely agree with this view that chemical castration is the only measure sufficient enough to prevent repeat offenders. It is also may be strong enough of a measure to prevent rapists in the future.",2,Convicted rapists should be required to undergo chemical castration.,A,8_control_stmt2_20260605_124912.json
8,experimental,8_experimental_stmt3_20260605_140610,1,user,Anna,I believe there are significantly better forms of sustainable energy that can be used here. Nuclear power plants can lead to problems for people living near them and the potential harm from it outweighs the good in my eyes.,I believe there are significantly better forms of sustainable energy that can be used here. Nuclear power plants can lead to problems for people living near them and the potential harm from it outweighs the good in my eyes.,3,Western countries need to build many more nuclear power plants.,A,8_experimental_stmt3_20260605_140610.json
8,experimental,8_experimental_stmt3_20260605_140610,2,alex,,"Problems with nuclear sites are real, but they're manageable with good safety tech. Meanwhile, renewables can't scale quickly enough to fill the energy gap.",I believe there are significantly better forms of sustainable energy that can be used here. Nuclear power plants can lead to problems for people living near them and the potential harm from it outweighs the good in my eyes.,3,Western countries need to build many more nuclear power plants.,A,8_experimental_stmt3_20260605_140610.json
8,experimental,8_experimental_stmt3_20260605_140610,3,bella,,But rushing to build more nuclear plants without foolproof safety measures risks lives and the environment. What’s the true urgency that justifies that danger?,I believe there are significantly better forms of sustainable energy that can be used here. Nuclear power plants can lead to problems for people living near them and the potential harm from it outweighs the good in my eyes.,3,Western countries need to build many more nuclear power plants.,A,8_experimental_stmt3_20260605_140610.json
8,experimental,8_experimental_stmt3_20260605_140610,4,user,Anna,"I think Bella is right. We need to ensure that there are proper measures in place before looking in nuclear energy as a sustainable resource. We also have solar, wind and geothermal energy as alternatives.",I believe there are significantly better forms of sustainable energy that can be used here. Nuclear power plants can lead to problems for people living near them and the potential harm from it outweighs the good in my eyes.,3,Western countries need to build many more nuclear power plants.,A,8_experimental_stmt3_20260605_140610.json
8,experimental,8_experimental_stmt3_20260605_140610,5,bella,,"Those are good options, but they're often inconsistent. Without nuclear, how do we guarantee reliable power for homes and hospitals when the sun isn't shining or wind isn't blowing?",I believe there are significantly better forms of sustainable energy that can be used here. Nuclear power plants can lead to problems for people living near them and the potential harm from it outweighs the good in my eyes.,3,Western countries need to build many more nuclear power plants.,A,8_experimental_stmt3_20260605_140610.json
8,experimental,8_experimental_stmt3_20260605_140610,6,alex,,"Exactly, that's the point. Nuclear offers the reliable backbone we need to keep society running smoothly while we improve renewables. Can't rely on hope alone.",I believe there are significantly better forms of sustainable energy that can be used here. Nuclear power plants can lead to problems for people living near them and the potential harm from it outweighs the good in my eyes.,3,Western countries need to build many more nuclear power plants.,A,8_experimental_stmt3_20260605_140610.json
8,experimental,8_experimental_stmt3_20260605_140610,7,user,Anna,I did not say that we rely on hope solely. But I do not think nuclear power plants is best alternative. While they may provide some relief and help limit global warming. There has to be other measures to consider here.,I believe there are significantly better forms of sustainable energy that can be used here. Nuclear power plants can lead to problems for people living near them and the potential harm from it outweighs the good in my eyes.,3,Western countries need to build many more nuclear power plants.,A,8_experimental_stmt3_20260605_140610.json
8,experimental,8_experimental_stmt3_20260605_140610,8,bella,,"Sure, non-nuclear options are important, but cutting corners on safety for the sake of quick gains risks exposing vulnerable communities to unacceptable harm. Who bears the most unseen risks here?",I believe there are significantly better forms of sustainable energy that can be used here. Nuclear power plants can lead to problems for people living near them and the potential harm from it outweighs the good in my eyes.,3,Western countries need to build many more nuclear power plants.,A,8_experimental_stmt3_20260605_140610.json
8,experimental,8_experimental_stmt3_20260605_140610,9,alex,,"The communities living near potential accident sites, often marginalized and least equipped to handle risks. That’s why rushing ahead blindly isn’t the answer; safety first is still moral.",I believe there are significantly better forms of sustainable energy that can be used here. Nuclear power plants can lead to problems for people living near them and the potential harm from it outweighs the good in my eyes.,3,Western countries need to build many more nuclear power plants.,A,8_experimental_stmt3_20260605_140610.json
8,experimental,8_experimental_stmt3_20260605_140610,10,user,Anna,"Exactly agree with Alex, the people most at risk are living near the site. While it can be argued that the west has fewer people who are living at the poverty line, there are still marginalised community and people who are linked to the heritage of the site that simply can not be moved. Who are we to force them?",I believe there are significantly better forms of sustainable energy that can be used here. Nuclear power plants can lead to problems for people living near them and the potential harm from it outweighs the good in my eyes.,3,Western countries need to build many more nuclear power plants.,A,8_experimental_stmt3_20260605_140610.json
8,experimental,8_experimental_stmt3_20260605_140610,11,alex,,"You're right, but if nuclear plants are part of our solution, we must prioritize their safety and involve those communities in the decision-making—avoid the paternalism of ignoring their agency.",I believe there are significantly better forms of sustainable energy that can be used here. Nuclear power plants can lead to problems for people living near them and the potential harm from it outweighs the good in my eyes.,3,Western countries need to build many more nuclear power plants.,A,8_experimental_stmt3_20260605_140610.json
8,experimental,8_experimental_stmt3_20260605_140610,12,bella,,"Involving them is a start, but consent alone isn't enough if the risks remain. We can't trade their safety for our energy needs—what’s the moral line when risks threaten their lives?",I believe there are significantly better forms of sustainable energy that can be used here. Nuclear power plants can lead to problems for people living near them and the potential harm from it outweighs the good in my eyes.,3,Western countries need to build many more nuclear power plants.,A,8_experimental_stmt3_20260605_140610.json
8,experimental,8_experimental_stmt3_20260605_140610,13,bella,,Informed consent without real safety guarantees is hollow. Do we truly respect their rights if we expose them to potentially catastrophic risks for our convenience?,I believe there are significantly better forms of sustainable energy that can be used here. Nuclear power plants can lead to problems for people living near them and the potential harm from it outweighs the good in my eyes.,3,Western countries need to build many more nuclear power plants.,A,8_experimental_stmt3_20260605_140610.json
8,experimental,8_experimental_stmt3_20260605_140610,14,alex,,"If the risks are catastrophic and we can't guarantee safety, then building nuclear isn't worth it—no benefits are worth endangering lives in a way that's hard to fix afterward.",I believe there are significantly better forms of sustainable energy that can be used here. Nuclear power plants can lead to problems for people living near them and the potential harm from it outweighs the good in my eyes.,3,Western countries need to build many more nuclear power plants.,A,8_experimental_stmt3_20260605_140610.json
8,experimental,8_experimental_stmt3_20260605_140610,15,user,Anna,"I think both of you have agreed with me on my opinion in the end, endangering communities near these plants is not worth the risk.",I believe there are significantly better forms of sustainable energy that can be used here. Nuclear power plants can lead to problems for people living near them and the potential harm from it outweighs the good in my eyes.,3,Western countries need to build many more nuclear power plants.,A,8_experimental_stmt3_20260605_140610.json
8,experimental,8_experimental_stmt3_20260605_140610,16,bella,,"Then why rush into new plants at all? We should focus solely on safe, cleaner alternatives rather than risking lives for uncertain gains.",I believe there are significantly better forms of sustainable energy that can be used here. Nuclear power plants can lead to problems for people living near them and the potential harm from it outweighs the good in my eyes.,3,Western countries need to build many more nuclear power plants.,A,8_experimental_stmt3_20260605_140610.json
8,experimental,8_experimental_stmt3_20260605_140610,17,alex,,"Because the energy crunch is urgent, and renewables won't get us there fast enough; abandoning nuclear entirely could slow down progress and keep us stuck in worse solutions.",I believe there are significantly better forms of sustainable energy that can be used here. Nuclear power plants can lead to problems for people living near them and the potential harm from it outweighs the good in my eyes.,3,Western countries need to build many more nuclear power plants.,A,8_experimental_stmt3_20260605_140610.json
